Threshold,Precision,Recall,F1,Contacted,Profit
0.05,0.3924,0.9991,0.5635,2778,125244.0
0.055,0.3961,0.9973,0.567,2747,125066.0
0.06,0.3981,0.9954,0.5687,2728,124864.0
0.065,0.4025,0.9936,0.5729,2693,124694.0
0.07,0.4049,0.9918,0.5751,2672,124496.0
0.075,0.408,0.9899,0.5778,2647,124306.0
0.08,0.4133,0.9899,0.5832,2613,124374.0
0.085,0.4178,0.9872,0.5871,2578,124084.0
0.09,0.4206,0.9808,0.5887,2544,123312.0
0.095,0.423,0.9798,0.5909,2527,123226.0
0.1,0.4252,0.9771,0.5926,2507,122906.0
0.105,0.4312,0.9734,0.5976,2463,122514.0
0.11,0.4363,0.9707,0.602,2427,122226.0
0.115,0.4443,0.9688,0.6092,2379,122082.0
0.12,0.4497,0.967,0.6139,2346,121908.0
0.125,0.4558,0.9643,0.619,2308,121624.0
0.13,0.462,0.9578,0.6233,2262,120876.0
0.135,0.4656,0.9551,0.626,2238,120564.0
0.14,0.4735,0.9514,0.6323,2192,120176.0
0.145,0.4781,0.9487,0.6357,2165,119870.0
0.15,0.4827,0.9468,0.6394,2140,119680.0
0.155,0.489,0.9404,0.6435,2098,118924.0
0.16,0.4961,0.934,0.648,2054,118172.0
0.165,0.5002,0.9248,0.6493,2017,117046.0
0.17,0.5071,0.9203,0.6539,1980,116520.0
0.175,0.5115,0.9184,0.657,1959,116322.0
0.18,0.5147,0.9166,0.6592,1943,116114.0
0.185,0.519,0.9129,0.6618,1919,115682.0
0.19,0.5223,0.9111,0.664,1903,115474.0
0.195,0.526,0.9093,0.6664,1886,115268.0
0.2,0.5289,0.9047,0.6676,1866,114708.0
0.205,0.5313,0.9019,0.6687,1852,114376.0
0.21,0.5351,0.8946,0.6696,1824,113472.0
0.215,0.5447,0.8882,0.6753,1779,112722.0
0.22,0.5487,0.8726,0.6737,1735,110770.0
0.225,0.5539,0.8662,0.6757,1706,109988.0
0.23,0.556,0.8643,0.6767,1696,109768.0
0.235,0.558,0.8598,0.6768,1681,109198.0
0.24,0.5622,0.8579,0.6792,1665,108990.0
0.245,0.5686,0.8543,0.6828,1639,108562.0
0.25,0.5708,0.8497,0.6829,1624,107992.0
0.255,0.5718,0.8469,0.6827,1616,107648.0
0.26,0.5745,0.8451,0.684,1605,107430.0
0.265,0.5748,0.8414,0.683,1597,106966.0
0.27,0.576,0.8405,0.6836,1592,106856.0
0.275,0.5777,0.835,0.6829,1577,106166.0
0.28,0.5791,0.8323,0.683,1568,105824.0
0.285,0.5798,0.8295,0.6825,1561,105478.0
0.29,0.5839,0.8258,0.6841,1543,105034.0
0.295,0.5845,0.8148,0.6807,1521,103638.0
0.3,0.5858,0.8075,0.679,1504,102712.0
0.305,0.5887,0.8057,0.6803,1493,102494.0
0.31,0.5939,0.8002,0.6818,1470,101820.0
0.315,0.596,0.7883,0.6788,1443,100314.0
0.32,0.6035,0.78,0.6805,1410,99300.0
0.325,0.6069,0.7727,0.6798,1389,98382.0
0.33,0.6089,0.769,0.6796,1378,97924.0
0.335,0.6127,0.7626,0.6795,1358,97124.0
0.34,0.6166,0.7608,0.6812,1346,96908.0
0.345,0.6211,0.7544,0.6813,1325,96110.0
0.35,0.6223,0.7507,0.6805,1316,95648.0
0.355,0.631,0.7415,0.6818,1282,94516.0
0.36,0.6367,0.7342,0.682,1258,93604.0
0.365,0.6369,0.7314,0.6809,1253,93254.0
0.37,0.6366,0.7241,0.6775,1241,92318.0
0.375,0.6438,0.7223,0.6808,1224,92112.0
0.38,0.6484,0.7168,0.6809,1206,91428.0
0.385,0.6521,0.7131,0.6813,1193,90974.0
0.39,0.6556,0.7067,0.6802,1176,90168.0
0.395,0.6558,0.7039,0.679,1171,89818.0
0.4,0.6564,0.7021,0.6785,1167,89586.0
0.405,0.6594,0.6975,0.678,1154,89012.0
0.41,0.6664,0.6939,0.6798,1136,88568.0
0.415,0.6699,0.6902,0.6799,1124,88112.0
0.42,0.6763,0.6874,0.6818,1109,87782.0
0.425,0.6819,0.6838,0.6828,1094,87332.0
0.43,0.6846,0.6764,0.6805,1078,86404.0
0.435,0.6886,0.6728,0.6806,1066,85948.0
0.44,0.6939,0.6691,0.6813,1052,85496.0
0.445,0.7029,0.6636,0.6827,1030,84820.0
0.45,0.7103,0.6563,0.6822,1008,83904.0
0.455,0.7119,0.6544,0.6819,1003,83674.0
0.46,0.7169,0.6499,0.6817,989,83102.0
0.465,0.7165,0.6416,0.677,977,82046.0
0.47,0.7223,0.6389,0.678,965,81710.0
0.475,0.7225,0.637,0.6771,962,81476.0
0.48,0.7245,0.6315,0.6748,951,80778.0
0.485,0.7251,0.626,0.6719,942,80076.0
0.49,0.7299,0.6242,0.6729,933,79854.0
0.495,0.7318,0.6178,0.67,921,79038.0
0.5,0.7406,0.6123,0.6703,902,78356.0
0.505,0.7433,0.6077,0.6687,892,77776.0
0.51,0.7446,0.5958,0.6619,873,76254.0
0.515,0.7465,0.5885,0.6581,860,75320.0
0.52,0.7521,0.5839,0.6574,847,74746.0
0.525,0.7536,0.5747,0.6521,832,73576.0
0.53,0.7539,0.5729,0.651,829,73342.0
0.535,0.7573,0.572,0.6517,824,73232.0
0.54,0.7589,0.5683,0.6499,817,72766.0
0.545,0.7627,0.5655,0.6495,809,72422.0
0.55,0.7653,0.5619,0.648,801,71958.0
0.555,0.7657,0.56,0.6469,798,71724.0
0.56,0.7673,0.5591,0.6469,795,71610.0
0.565,0.77,0.5555,0.6454,787,71146.0
0.57,0.7709,0.549,0.6413,777,70326.0
0.575,0.7701,0.5435,0.6373,770,69620.0
0.58,0.7701,0.5344,0.631,757,68446.0
0.585,0.7716,0.5325,0.6302,753,68214.0
0.59,0.7717,0.5298,0.6283,749,67862.0
0.595,0.7764,0.5252,0.6266,738,67284.0
0.6,0.7808,0.5225,0.626,730,66940.0
0.605,0.7853,0.5197,0.6255,722,66596.0
0.61,0.7829,0.5124,0.6194,714,65652.0
0.615,0.7861,0.5087,0.6177,706,65188.0
0.62,0.7922,0.5032,0.6155,693,64494.0
0.625,0.8003,0.4959,0.6123,676,63568.0
0.63,0.8027,0.4922,0.6102,669,63102.0
0.635,0.8061,0.4876,0.6077,660,62520.0
0.64,0.8074,0.4803,0.6023,649,61582.0
0.645,0.8097,0.4757,0.5993,641,60998.0
0.65,0.8183,0.4748,0.6009,633,60894.0
0.655,0.8232,0.4739,0.6015,628,60784.0
0.66,0.8264,0.4711,0.6001,622,60436.0
0.665,0.8287,0.461,0.5925,607,59146.0
0.67,0.8364,0.4546,0.5891,593,58334.0
0.675,0.8401,0.4528,0.5884,588,58104.0
0.68,0.8408,0.4455,0.5824,578,57164.0
0.685,0.843,0.4381,0.5766,567,56226.0
0.69,0.8431,0.4235,0.5638,548,54344.0
0.695,0.8442,0.417,0.5583,539,53522.0
0.7,0.8512,0.4143,0.5573,531,53178.0
0.705,0.8558,0.4079,0.5525,520,52360.0
0.71,0.8627,0.4033,0.5497,510,51780.0
0.715,0.8645,0.3978,0.5449,502,51076.0
0.72,0.8676,0.3905,0.5386,491,50138.0
0.725,0.8688,0.3822,0.5309,480,49080.0
0.73,0.8779,0.3758,0.5263,467,48266.0
0.735,0.8845,0.3721,0.5239,459,47802.0
0.74,0.8874,0.3685,0.5207,453,47334.0
0.745,0.8874,0.3611,0.5134,444,46392.0
0.75,0.885,0.3456,0.497,426,44388.0
0.755,0.8816,0.3346,0.485,414,42972.0
0.76,0.8936,0.3309,0.4829,404,42512.0
0.765,0.9023,0.33,0.4832,399,42402.0
0.77,0.9043,0.3291,0.4825,397,42286.0
0.775,0.9033,0.3254,0.4784,393,41814.0
0.78,0.9093,0.3217,0.4753,386,41348.0
0.785,0.9108,0.3089,0.4613,370,39700.0
0.79,0.9169,0.3034,0.4559,361,38998.0
0.795,0.9207,0.2979,0.4501,353,38294.0
0.8,0.9215,0.2906,0.4418,344,37352.0
0.805,0.9199,0.2841,0.4342,337,36526.0
0.81,0.9192,0.2814,0.4309,334,36172.0
0.815,0.9215,0.2796,0.429,331,35938.0
0.82,0.9266,0.2777,0.4274,327,35706.0
0.825,0.9286,0.2741,0.4232,322,35236.0
0.83,0.9279,0.2713,0.4199,319,34882.0
0.835,0.9304,0.2695,0.4179,316,34648.0
0.84,0.9443,0.264,0.4126,305,33950.0
0.845,0.9458,0.2557,0.4026,295,32890.0
0.85,0.9488,0.2548,0.4017,293,32774.0
0.855,0.9483,0.2521,0.3983,290,32420.0
0.86,0.9507,0.2475,0.3927,284,31832.0
0.865,0.9556,0.2365,0.3791,270,30420.0
0.87,0.9538,0.2273,0.3671,260,29240.0
0.875,0.9595,0.2172,0.3543,247,27946.0
0.88,0.9658,0.2071,0.3411,234,26652.0
0.885,0.9693,0.2026,0.3351,228,26064.0
0.89,0.9771,0.1952,0.3254,218,25124.0
0.895,0.9852,0.1833,0.3091,203,23594.0
0.9,0.9844,0.1732,0.2946,192,22296.0
0.905,0.9891,0.1659,0.2841,183,21354.0
0.91,0.9887,0.1604,0.276,177,20646.0
0.915,0.994,0.1522,0.2639,167,19586.0
0.92,0.9938,0.1457,0.2542,160,18760.0
0.925,0.9933,0.1357,0.2387,149,17462.0
0.93,0.993,0.1302,0.2301,143,16754.0
0.935,0.9922,0.1164,0.2084,128,14984.0
0.94,1.0,0.1072,0.1937,117,13806.0
0.945,1.0,0.0972,0.1771,106,12508.0
0.95,1.0,0.0852,0.1571,93,10974.0
